nb_words_in_text,nb_options,related_texts
23,4,"[42, 47, 50, 51, 53, 56, 71, 72, 89, 106, 107, 117, 130, 149, 150, 151, 159, 164, 174, 196, 199, 221, 233, 264, 273, 275, 296, 298, 317, 318, 348, 361, 372, 393, 473, 484]"
4,7,[]
52,6,"[31, 43, 70, 88, 95, 101, 113, 208]"
28,10,"[28, 105, 110, 139, 141, 153, 165, 210, 215, 228, 230, 236, 253, 280, 314, 323, 328, 332, 334, 339, 380, 403, 424, 440, 443, 449, 458, 471, 472, 481, 487]"
46,3,"[17, 57, 94, 152, 170, 268, 387, 451, 483]"
21,2,"[60, 145, 169, 198, 207, 335, 371, 388, 455]"
32,2,"[276, 283, 325]"
23,2,"[13, 14, 16, 24, 25, 34, 36, 41, 42, 44, 52, 58, 59, 62, 65, 66, 73, 81, 86, 87, 89, 90, 96, 116, 121, 122, 131, 142, 151, 159, 162, 171, 173, 177, 178, 185, 187, 190, 196, 199, 202, 222, 229, 231, 232, 234, 235, 240, 242, 249, 251, 257, 260, 261, 262, 263, 264, 267, 292, 293, 296, 301, 308, 309, 312, 317, 319, 321, 329, 340, 356, 358, 360, 362, 364, 377, 379, 381, 392, 396, 400, 401, 412, 413, 420, 421, 425, 426, 432, 434, 435, 445, 450, 460, 470]"
22,7,"[38, 143, 154, 200, 241, 254]"
44,4,"[125, 422, 466, 482]"
28,2,[]
47,4,"[30, 61, 74, 109, 112, 129, 183, 274, 281, 285, 304, 363, 461, 469]"
41,2,"[49, 120, 133, 166, 189, 217, 241, 254, 258, 269, 270, 287, 310, 343, 375, 386, 407, 410, 411, 416, 454, 478, 480, 489, 491]"
22,6,"[7, 16, 24, 34, 36, 41, 44, 52, 58, 59, 62, 65, 73, 81, 87, 96, 116, 121, 122, 131, 142, 162, 171, 177, 178, 185, 190, 222, 229, 231, 232, 234, 235, 249, 251, 260, 261, 301, 308, 309, 312, 319, 321, 340, 356, 358, 360, 362, 364, 377, 379, 381, 392, 400, 401, 412, 413, 421, 425, 426, 434, 435, 460, 470]"
20,2,"[7, 25, 42, 65, 66, 86, 87, 89, 90, 122, 149, 151, 159, 173, 178, 187, 196, 199, 202, 231, 240, 242, 257, 262, 263, 264, 267, 273, 292, 293, 296, 317, 329, 340, 392, 396, 400, 412, 415, 420, 425, 426, 432, 445, 450]"
22,4,[]
18,4,"[7, 13, 24, 34, 36, 41, 44, 52, 58, 59, 62, 65, 73, 81, 87, 96, 116, 121, 122, 131, 142, 162, 171, 177, 178, 185, 190, 222, 229, 231, 232, 234, 235, 249, 251, 260, 261, 301, 308, 309, 312, 319, 321, 340, 356, 358, 360, 362, 364, 377, 379, 381, 392, 400, 401, 412, 413, 421, 425, 426, 434, 435, 460, 470]"
49,3,"[4, 57, 94, 152, 170, 268, 387, 451, 483]"
65,6,"[27, 54, 64, 77, 136, 158, 184, 218, 220, 238, 299, 336, 447, 474]"
71,2,[259]
19,10,"[76, 326]"
31,3,"[108, 144, 156, 453]"
33,6,"[29, 223, 277, 322, 346, 446]"
73,2,[39]
25,6,"[7, 13, 16, 34, 36, 41, 44, 52, 58, 59, 62, 65, 73, 81, 87, 91, 96, 97, 98, 116, 121, 122, 131, 142, 162, 171, 177, 178, 185, 190, 222, 229, 231, 232, 234, 235, 249, 251, 260, 261, 266, 301, 308, 309, 312, 319, 321, 340, 356, 358, 360, 362, 364, 377, 379, 381, 392, 400, 401, 412, 413, 421, 425, 426, 434, 435, 460, 470]"
20,6,"[7, 14, 42, 65, 86, 87, 89, 90, 122, 149, 151, 159, 173, 177, 187, 199, 202, 231, 240, 242, 257, 263, 264, 267, 273, 292, 293, 296, 329, 340, 396, 412, 413, 415, 425, 432, 445]"
18,10,"[126, 440]"
29,6,"[18, 54, 64, 77, 136, 158, 184, 218, 220, 238, 299, 336, 447, 474]"
42,3,"[3, 105, 110, 139, 153, 165, 210, 215, 230, 236, 253, 280, 314, 323, 328, 332, 334, 339, 380, 403, 424, 440, 443, 449, 458, 471, 472, 481, 487]"
33,6,"[22, 223, 277, 322, 346, 446]"
42,6,"[11, 61, 109, 112, 183, 274, 281, 304, 363, 461]"
30,6,"[2, 43, 70, 88, 113, 208, 486]"
41,9,"[40, 83, 100, 102, 175, 182, 195, 212, 246, 278, 290, 341, 395, 448]"
29,3,[]
31,3,"[7, 13, 16, 24, 36, 41, 44, 52, 58, 59, 62, 65, 73, 81, 87, 96, 116, 121, 122, 131, 142, 162, 171, 177, 178, 185, 190, 222, 229, 231, 232, 234, 235, 249, 251, 260, 261, 301, 308, 309, 312, 319, 321, 340, 356, 358, 360, 362, 364, 377, 379, 381, 392, 400, 401, 412, 413, 421, 425, 426, 434, 435, 460, 470]"
58,4,[]
20,2,"[7, 13, 16, 24, 34, 41, 44, 52, 58, 59, 62, 65, 73, 81, 82, 87, 96, 116, 121, 122, 131, 142, 162, 171, 177, 178, 185, 190, 206, 209, 222, 229, 231, 232, 234, 235, 249, 251, 256, 260, 261, 301, 306, 308, 309, 312, 313, 319, 321, 340, 356, 358, 360, 362, 364, 377, 379, 381, 392, 400, 401, 412, 413, 421, 425, 426, 434, 435, 460, 470, 475]"
29,3,"[55, 92, 118, 197, 219, 255, 303, 479]"
25,8,"[8, 143, 154, 200, 241, 254]"
35,2,[23]
45,4,"[32, 83, 100, 102, 175, 182, 195, 212, 246, 278, 290, 341, 395, 448]"
23,2,"[7, 13, 16, 24, 34, 36, 44, 52, 58, 59, 62, 65, 73, 81, 87, 96, 116, 121, 122, 131, 142, 162, 171, 172, 177, 178, 185, 186, 190, 222, 229, 231, 232, 234, 235, 249, 251, 260, 261, 301, 308, 309, 312, 319, 321, 340, 356, 358, 360, 362, 364, 377, 379, 381, 392, 400, 401, 412, 413, 421, 425, 426, 434, 435, 460, 470, 485]"
24,2,"[0, 7, 14, 25, 50, 51, 53, 65, 86, 87, 89, 90, 106, 107, 117, 122, 130, 149, 150, 151, 159, 164, 173, 174, 187, 196, 199, 202, 231, 240, 242, 257, 263, 264, 267, 273, 275, 292, 293, 296, 298, 317, 318, 329, 340, 348, 361, 372, 393, 396, 412, 425, 432, 445]"
59,6,"[2, 31, 70, 88, 95, 101, 113, 208, 486]"
20,6,"[7, 13, 16, 24, 34, 36, 41, 52, 58, 59, 62, 65, 73, 81, 82, 87, 96, 116, 121, 122, 131, 142, 162, 171, 177, 178, 185, 190, 206, 209, 222, 229, 231, 232, 234, 235, 249, 251, 256, 260, 261, 301, 306, 308, 309, 312, 313, 319, 321, 340, 356, 358, 360, 362, 364, 377, 379, 381, 392, 400, 401, 412, 413, 421, 425, 426, 434, 435, 460, 470, 475]"
17,3,"[55, 92, 118, 197, 201, 219, 303, 366, 479]"
50,7,[370]
21,7,"[0, 50, 51, 53, 56, 71, 72, 93, 106, 107, 117, 130, 150, 164, 174, 221, 233, 240, 275, 473, 477, 484]"
24,2,"[56, 71, 89, 93, 123, 149, 211, 221, 247, 273, 298, 350, 361, 365, 373, 374, 406, 423, 452, 462, 473]"
29,2,"[12, 120, 133, 166, 189, 217, 241, 254, 258, 269, 270, 287, 310, 343, 386, 407, 411, 416, 454, 478, 480, 489, 491]"
24,4,"[0, 42, 47, 51, 53, 71, 72, 89, 106, 107, 117, 130, 149, 150, 151, 159, 164, 174, 196, 199, 221, 233, 264, 273, 275, 296, 298, 317, 318, 348, 361, 372, 393, 484]"
24,7,"[0, 42, 47, 50, 53, 71, 72, 89, 106, 107, 117, 130, 149, 150, 151, 159, 164, 174, 196, 199, 221, 233, 264, 273, 275, 296, 298, 317, 318, 348, 361, 372, 393, 484]"
25,4,"[7, 13, 16, 24, 34, 36, 41, 44, 58, 59, 62, 65, 73, 81, 87, 91, 96, 97, 98, 116, 121, 122, 131, 142, 162, 171, 177, 178, 185, 190, 222, 229, 231, 232, 234, 235, 249, 251, 260, 261, 266, 301, 308, 309, 312, 319, 321, 340, 356, 358, 360, 362, 364, 377, 379, 381, 392, 400, 401, 412, 413, 421, 425, 426, 434, 435, 460, 470]"
23,2,"[0, 42, 47, 50, 51, 56, 71, 72, 89, 106, 107, 117, 130, 149, 150, 151, 159, 164, 174, 196, 199, 221, 233, 264, 273, 275, 296, 298, 317, 318, 348, 361, 372, 393, 473, 484]"
29,6,"[18, 27, 64, 77, 136, 158, 184, 218, 220, 238, 299, 336, 447, 474]"
41,6,"[37, 45, 92, 118, 197, 201, 219, 255, 303, 366, 479]"
23,7,"[0, 47, 48, 53, 106, 123, 150, 164, 211, 247, 350, 365, 373, 374, 406, 423, 452, 462, 473, 484]"
44,3,"[4, 17, 94, 152, 170, 268, 387, 451, 483]"
21,2,"[7, 13, 16, 24, 34, 36, 41, 44, 52, 59, 62, 65, 73, 81, 87, 96, 116, 121, 122, 131, 142, 162, 171, 177, 178, 185, 190, 206, 222, 229, 231, 232, 234, 235, 249, 251, 256, 260, 261, 301, 306, 308, 309, 312, 313, 319, 321, 340, 356, 358, 360, 362, 364, 377, 379, 381, 392, 400, 401, 412, 413, 421, 425, 426, 434, 435, 460, 470, 475]"
22,2,"[7, 13, 16, 24, 34, 36, 41, 44, 52, 58, 62, 65, 73, 81, 87, 96, 116, 121, 122, 131, 142, 162, 171, 177, 178, 185, 190, 222, 229, 231, 232, 234, 235, 249, 251, 260, 261, 301, 308, 309, 312, 319, 321, 340, 356, 358, 360, 362, 364, 377, 379, 381, 392, 400, 401, 412, 413, 421, 425, 426, 434, 435, 460, 470]"
18,2,"[5, 145, 169, 198, 207, 335, 371, 388, 455]"
46,7,"[11, 30, 109, 112, 183, 274, 281, 304, 363, 461]"
21,4,"[7, 13, 16, 24, 34, 36, 41, 44, 52, 58, 59, 65, 73, 81, 87, 96, 116, 121, 122, 131, 142, 162, 171, 177, 178, 185, 190, 206, 222, 229, 231, 232, 234, 235, 249, 251, 256, 260, 261, 301, 306, 308, 309, 312, 313, 319, 321, 340, 356, 358, 360, 362, 364, 377, 379, 381, 392, 400, 401, 412, 413, 421, 425, 426, 434, 435, 460, 470, 475]"
22,3,[]
64,6,"[18, 27, 54, 77, 136, 158, 184, 218, 220, 238, 299, 336, 447, 474]"
23,6,"[7, 13, 14, 16, 24, 25, 34, 36, 41, 42, 44, 52, 58, 59, 62, 66, 73, 81, 86, 87, 89, 90, 96, 116, 121, 122, 131, 142, 151, 159, 162, 171, 173, 177, 178, 185, 187, 190, 196, 199, 202, 222, 229, 231, 232, 234, 235, 240, 242, 249, 251, 257, 260, 261, 262, 263, 264, 267, 292, 293, 296, 301, 308, 309, 312, 317, 319, 321, 329, 340, 356, 358, 360, 362, 364, 377, 379, 381, 392, 396, 400, 401, 412, 413, 420, 421, 425, 426, 432, 434, 435, 445, 450, 460, 470]"
20,5,"[7, 14, 65, 87, 122, 173, 178, 190, 196, 231, 257, 262, 263, 267, 293, 317, 392, 396, 400, 412, 420, 426, 450, 460]"
33,3,"[76, 168, 433]"
42,6,"[75, 103, 163]"
34,4,"[188, 279, 316, 443, 467]"
47,6,"[2, 31, 43, 88, 95, 101, 113, 208, 486]"
22,7,"[0, 47, 48, 50, 51, 53, 72, 93, 106, 107, 117, 130, 149, 150, 164, 174, 221, 233, 240, 273, 275, 477, 484]"
26,7,"[0, 47, 50, 51, 53, 71, 93, 106, 107, 117, 130, 150, 164, 174, 221, 233, 240, 249, 275, 289, 321, 405, 430, 473, 477, 484]"
27,10,"[7, 13, 16, 24, 34, 36, 41, 44, 52, 58, 59, 62, 65, 81, 87, 91, 96, 97, 98, 116, 121, 122, 131, 142, 162, 171, 177, 178, 185, 190, 222, 229, 231, 232, 234, 235, 249, 251, 260, 261, 266, 301, 308, 309, 312, 319, 321, 340, 356, 358, 360, 362, 364, 377, 379, 381, 392, 400, 401, 412, 413, 421, 425, 426, 434, 435, 460, 470]"
25,4,"[11, 109, 129, 192, 274, 281, 285, 288, 304, 363, 461, 469]"
30,5,"[68, 84, 103, 163, 354]"
22,10,"[20, 67, 168, 326, 433]"
51,6,"[18, 27, 54, 64, 136, 158, 184, 218, 220, 238, 299, 336, 447, 474]"
17,2,[]
16,2,[250]
69,4,[]
22,6,"[7, 13, 16, 24, 34, 36, 41, 44, 52, 58, 59, 62, 65, 73, 82, 87, 96, 116, 121, 122, 131, 142, 162, 171, 177, 178, 185, 190, 206, 209, 222, 229, 231, 232, 234, 235, 249, 251, 256, 260, 261, 301, 306, 308, 309, 312, 313, 319, 321, 340, 356, 358, 360, 362, 364, 377, 379, 381, 392, 400, 401, 412, 413, 421, 425, 426, 434, 435, 460, 470, 475]"
29,2,"[36, 44, 81, 90, 91, 124, 131, 172, 178, 186, 202, 206, 209, 251, 256, 257, 260, 267, 292, 293, 306, 313, 360, 392, 400, 475, 485]"
45,9,"[32, 40, 100, 102, 175, 182, 195, 212, 246, 278, 290, 341, 395, 448]"
48,7,"[75, 354]"
32,6,[126]
25,6,"[7, 14, 25, 42, 65, 87, 89, 90, 122, 151, 159, 173, 187, 199, 202, 231, 240, 242, 257, 263, 264, 267, 292, 293, 296, 329, 340, 396, 405, 412, 425, 432, 445]"
26,6,"[7, 13, 14, 16, 24, 25, 34, 36, 41, 42, 44, 52, 58, 59, 62, 65, 66, 73, 81, 86, 91, 96, 97, 116, 121, 122, 131, 142, 151, 162, 171, 173, 177, 178, 185, 187, 190, 196, 222, 229, 231, 232, 234, 235, 249, 251, 257, 260, 261, 262, 263, 264, 267, 293, 301, 308, 309, 312, 317, 319, 321, 329, 340, 356, 358, 360, 362, 364, 377, 379, 381, 392, 396, 400, 401, 412, 413, 420, 421, 425, 426, 434, 435, 450, 460, 470]"
52,6,"[2, 31, 43, 70, 95, 101, 113, 208]"
23,2,"[0, 7, 14, 25, 42, 48, 50, 51, 53, 65, 86, 90, 106, 107, 117, 122, 130, 149, 150, 151, 159, 164, 173, 174, 187, 196, 199, 202, 231, 240, 242, 257, 263, 264, 267, 273, 275, 292, 293, 296, 298, 317, 318, 329, 340, 348, 361, 372, 393, 396, 412, 423, 425, 432, 445, 462, 473]"
30,11,"[7, 14, 25, 42, 65, 82, 86, 89, 91, 122, 124, 151, 159, 172, 173, 186, 187, 199, 202, 209, 231, 240, 242, 257, 263, 264, 267, 292, 293, 296, 329, 340, 396, 412, 425, 432, 445, 485]"
32,6,"[24, 52, 73, 82, 87, 90, 97, 124, 142, 172, 186, 202, 209, 257, 267, 292, 293, 426, 435, 485]"
37,3,"[37, 45, 55, 118, 197, 201, 219, 255, 303, 366, 479]"
30,2,"[47, 48, 71, 72, 107, 117, 149, 174, 221, 233, 240, 273, 477]"
34,3,"[4, 17, 57, 152, 170, 268, 387, 451, 483]"
46,6,"[2, 43, 70, 88, 101, 113, 208]"
22,5,"[7, 13, 16, 24, 34, 36, 41, 44, 52, 58, 59, 62, 65, 73, 81, 87, 116, 121, 122, 131, 142, 162, 171, 177, 178, 185, 190, 222, 229, 231, 232, 234, 235, 249, 251, 260, 261, 301, 308, 309, 312, 319, 321, 340, 356, 358, 360, 362, 364, 377, 379, 381, 392, 400, 401, 412, 413, 421, 425, 426, 434, 435, 460, 470]"
40,3,"[24, 52, 73, 87, 91, 98, 114, 142, 262, 265, 396, 426, 435, 450]"
36,10,"[24, 52, 73, 97, 114, 142, 262, 265, 266, 396, 450]"
29,4,"[188, 272, 311, 467]"
34,3,"[32, 40, 83, 102, 175, 182, 195, 212, 246, 278, 290, 341, 395, 448]"
54,6,"[2, 43, 70, 88, 95, 113, 208]"
39,3,"[32, 40, 83, 100, 175, 182, 195, 212, 246, 278, 290, 341, 395, 448]"
42,4,"[68, 75, 163]"
69,6,[409]
31,4,"[3, 28, 110, 139, 141, 153, 165, 210, 215, 228, 230, 236, 253, 280, 314, 323, 328, 332, 334, 339, 380, 403, 424, 440, 443, 449, 458, 471, 472, 481, 487]"
21,2,"[0, 42, 47, 50, 51, 53, 56, 71, 72, 89, 107, 117, 130, 149, 150, 151, 159, 164, 174, 196, 199, 221, 233, 264, 273, 275, 296, 298, 317, 318, 348, 361, 372, 393, 473, 484]"
33,2,"[0, 42, 47, 50, 51, 53, 71, 72, 89, 93, 106, 117, 130, 149, 150, 151, 159, 164, 174, 196, 199, 221, 233, 240, 264, 273, 275, 296, 298, 317, 318, 348, 361, 372, 393, 477]"
20,3,"[21, 144, 156, 453]"
46,6,"[11, 30, 61, 74, 112, 129, 183, 192, 274, 281, 285, 288, 304, 363, 461, 469]"
40,4,"[3, 28, 105, 139, 141, 153, 165, 210, 215, 228, 230, 236, 253, 280, 314, 323, 328, 332, 334, 339, 380, 403, 424, 440, 443, 449, 458, 471, 472, 481, 487]"
39,10,[282]
42,6,"[11, 30, 61, 109, 183, 274, 281, 304, 363, 461]"
43,6,"[2, 31, 43, 70, 88, 95, 101, 208, 486]"
30,3,"[97, 98, 262, 265, 396, 450]"
93,7,[225]
21,2,"[7, 13, 16, 24, 34, 36, 41, 44, 52, 58, 59, 62, 65, 73, 81, 87, 96, 121, 122, 131, 142, 162, 171, 177, 178, 185, 190, 206, 222, 229, 231, 232, 234, 235, 249, 251, 256, 260, 261, 301, 306, 308, 309, 312, 313, 319, 321, 340, 356, 358, 360, 362, 364, 377, 379, 381, 392, 400, 401, 412, 413, 421, 425, 426, 434, 435, 460, 470, 475]"
33,4,"[0, 42, 47, 50, 51, 53, 71, 72, 89, 93, 106, 107, 130, 149, 150, 151, 159, 164, 174, 196, 199, 221, 233, 240, 264, 273, 275, 296, 298, 317, 318, 348, 361, 372, 393, 477]"
41,6,"[37, 45, 55, 92, 197, 201, 219, 255, 303, 366, 479]"
79,2,[]
26,2,"[12, 49, 133, 166, 189, 217, 241, 254, 258, 269, 270, 287, 310, 343, 375, 386, 407, 411, 416, 454, 478, 480, 489, 491]"
21,2,"[7, 13, 16, 24, 34, 36, 41, 44, 52, 58, 59, 62, 65, 73, 81, 87, 96, 116, 122, 131, 142, 162, 171, 177, 178, 185, 190, 222, 229, 231, 232, 234, 235, 249, 251, 260, 261, 301, 308, 309, 312, 319, 321, 340, 356, 358, 360, 362, 364, 377, 379, 381, 392, 400, 401, 412, 413, 421, 425, 426, 434, 435, 460, 470]"
22,6,"[7, 13, 14, 16, 24, 25, 34, 36, 41, 42, 44, 52, 58, 59, 62, 65, 66, 73, 81, 86, 87, 89, 90, 96, 116, 121, 131, 142, 151, 162, 171, 173, 177, 178, 185, 187, 190, 196, 222, 229, 231, 232, 234, 235, 249, 251, 257, 260, 261, 262, 263, 264, 267, 293, 301, 308, 309, 312, 317, 319, 321, 329, 340, 356, 358, 360, 362, 364, 377, 379, 381, 392, 396, 400, 401, 412, 413, 420, 421, 425, 426, 434, 435, 450, 460, 470]"
22,2,"[48, 56, 211, 247, 350, 365, 373, 374, 402, 406, 423, 429, 452, 462]"
21,6,"[82, 90, 91, 172, 186, 202, 209, 257, 267, 292, 293, 485]"
28,10,"[9, 466]"
31,10,"[26, 85]"
52,3,[]
36,4,[]
35,4,"[11, 74, 109, 192, 274, 281, 285, 288, 304, 363, 461, 469]"
24,2,"[0, 42, 47, 50, 51, 53, 71, 72, 89, 106, 107, 117, 149, 150, 151, 159, 164, 174, 196, 199, 221, 233, 264, 273, 275, 296, 298, 317, 318, 348, 361, 372, 393, 484]"
20,5,"[7, 13, 16, 24, 34, 36, 41, 44, 52, 58, 59, 62, 65, 73, 81, 82, 87, 96, 116, 121, 122, 142, 162, 171, 177, 178, 185, 190, 206, 209, 222, 229, 231, 232, 234, 235, 249, 251, 256, 260, 261, 301, 306, 308, 309, 312, 313, 319, 321, 340, 356, 358, 360, 362, 364, 377, 379, 381, 392, 400, 401, 412, 413, 421, 425, 426, 434, 435, 460, 470, 475]"
39,10,[]
27,2,"[12, 49, 120, 166, 189, 217, 241, 254, 258, 269, 270, 287, 310, 343, 386, 407, 411, 416, 454, 478, 480, 489, 491]"
17,3,[]
43,8,[]
43,6,"[18, 27, 54, 64, 77, 158, 184, 218, 220, 238, 299, 336, 447, 474]"
21,2,[453]
36,4,[320]
25,4,"[3, 28, 105, 110, 141, 153, 165, 210, 215, 230, 236, 253, 280, 314, 323, 328, 332, 334, 339, 380, 403, 424, 440, 443, 449, 458, 471, 472, 481, 487]"
13,2,"[247, 295, 365, 402, 429]"
20,4,"[3, 105, 110, 139, 153, 165, 188, 210, 215, 230, 236, 253, 314, 328, 332, 334, 339, 380, 403, 424, 440, 443, 449, 458, 471, 472, 487]"
25,10,"[7, 13, 16, 24, 34, 36, 41, 44, 52, 58, 59, 62, 65, 73, 81, 87, 91, 96, 97, 98, 116, 121, 122, 131, 162, 171, 177, 178, 185, 190, 222, 229, 231, 232, 234, 235, 249, 251, 260, 261, 266, 301, 308, 309, 312, 319, 321, 340, 356, 358, 360, 362, 364, 377, 379, 381, 392, 400, 401, 412, 413, 421, 425, 426, 434, 435, 460, 470]"
17,7,"[8, 38, 154, 200, 241, 254]"
19,2,"[21, 108, 156, 453]"
16,2,"[5, 60, 169, 198, 207, 335, 371, 388, 455]"
18,6,[]
29,4,[]
23,2,[404]
23,2,"[0, 14, 25, 42, 48, 50, 51, 53, 71, 89, 93, 106, 107, 117, 130, 150, 151, 159, 164, 173, 174, 187, 196, 199, 221, 242, 263, 264, 273, 275, 296, 298, 317, 318, 348, 361, 372, 393, 415, 432, 445]"
21,7,"[0, 42, 47, 50, 51, 53, 56, 71, 72, 89, 106, 107, 117, 130, 149, 151, 159, 164, 174, 196, 199, 221, 233, 264, 273, 275, 296, 298, 317, 318, 348, 361, 372, 393, 473, 484]"
23,6,"[0, 7, 14, 25, 42, 50, 51, 53, 65, 86, 87, 89, 90, 106, 107, 117, 122, 130, 149, 150, 159, 173, 187, 199, 202, 231, 240, 242, 257, 263, 264, 267, 273, 292, 293, 296, 318, 329, 340, 348, 372, 396, 412, 415, 425, 432, 445]"
43,3,"[4, 17, 57, 94, 170, 268, 387, 451, 483]"
25,4,"[3, 28, 105, 110, 139, 141, 165, 210, 215, 228, 230, 236, 237, 253, 279, 280, 314, 323, 328, 332, 334, 339, 380, 403, 424, 440, 443, 449, 458, 471, 472, 481, 487]"
25,7,"[8, 38, 143, 200, 241, 254]"
46,4,[226]
17,2,"[21, 108, 144, 453]"
27,10,[]
56,6,"[18, 27, 54, 64, 77, 136, 184, 218, 220, 238, 299, 336, 447, 474]"
27,4,"[0, 7, 14, 25, 42, 50, 51, 53, 65, 86, 89, 90, 106, 107, 117, 130, 149, 150, 151, 164, 173, 174, 187, 196, 199, 202, 231, 240, 242, 257, 263, 264, 267, 273, 275, 292, 293, 296, 298, 317, 318, 329, 340, 348, 361, 372, 393, 396, 412, 425, 432, 445]"
23,5,[]
17,10,"[205, 214, 398]"
22,2,"[7, 13, 16, 24, 34, 36, 41, 44, 52, 58, 59, 62, 65, 73, 81, 87, 96, 116, 121, 122, 131, 142, 171, 177, 178, 185, 190, 222, 229, 231, 232, 234, 235, 249, 251, 260, 261, 301, 308, 309, 312, 319, 321, 340, 356, 358, 360, 362, 364, 377, 379, 381, 392, 400, 401, 412, 413, 421, 425, 426, 434, 435, 460, 470]"
42,2,"[68, 75, 103]"
23,7,"[0, 42, 47, 50, 51, 53, 56, 71, 72, 89, 106, 107, 117, 130, 149, 150, 159, 174, 196, 199, 221, 233, 264, 273, 275, 296, 298, 317, 318, 348, 361, 372, 393, 473, 484]"
27,10,"[3, 28, 105, 110, 139, 141, 153, 210, 215, 228, 230, 236, 253, 280, 314, 323, 328, 332, 334, 339, 380, 403, 424, 440, 443, 449, 458, 471, 472, 481, 487]"
40,2,"[12, 49, 120, 133, 189, 217, 241, 254, 258, 269, 270, 287, 310, 343, 375, 386, 407, 410, 411, 416, 454, 478, 480, 489, 491]"
55,4,[]
29,4,"[67, 76, 433]"
34,2,"[5, 60, 145, 198, 207, 335, 371, 388, 455]"
50,3,"[4, 17, 57, 94, 152, 268, 387, 451, 483]"
18,3,"[7, 13, 16, 24, 34, 36, 41, 44, 52, 58, 59, 62, 65, 73, 81, 87, 96, 116, 121, 122, 131, 142, 162, 177, 178, 185, 190, 222, 229, 231, 232, 234, 235, 249, 251, 260, 261, 301, 308, 309, 312, 319, 321, 340, 356, 358, 360, 362, 364, 377, 379, 381, 392, 400, 401, 412, 413, 421, 425, 426, 434, 435, 460, 470]"
30,6,"[41, 82, 90, 91, 124, 186, 202, 209, 232, 257, 267, 292, 293, 470, 485]"
20,6,"[7, 14, 25, 42, 65, 66, 86, 87, 89, 90, 122, 149, 151, 159, 178, 187, 196, 199, 202, 231, 240, 242, 257, 262, 263, 264, 267, 273, 292, 293, 296, 317, 329, 340, 392, 396, 400, 412, 415, 420, 425, 426, 432, 445, 450]"
27,2,"[0, 42, 47, 50, 51, 53, 71, 72, 89, 93, 106, 107, 117, 130, 149, 150, 159, 164, 196, 199, 221, 233, 264, 273, 275, 296, 298, 317, 318, 348, 361, 372, 393, 477, 484]"
39,9,"[32, 40, 83, 100, 102, 182, 195, 212, 246, 278, 290, 341, 395, 448]"
37,3,[271]
20,10,"[7, 13, 16, 24, 25, 34, 36, 41, 44, 52, 58, 59, 62, 65, 73, 81, 87, 96, 116, 121, 122, 131, 142, 162, 171, 178, 185, 190, 222, 229, 231, 232, 234, 235, 249, 251, 260, 261, 301, 308, 309, 312, 318, 319, 321, 340, 348, 356, 358, 360, 362, 364, 377, 379, 381, 392, 400, 401, 412, 413, 421, 425, 426, 434, 435, 460, 470]"
21,6,"[7, 13, 14, 16, 24, 34, 36, 41, 44, 52, 58, 59, 62, 65, 66, 73, 81, 82, 87, 96, 116, 121, 122, 131, 142, 162, 171, 173, 177, 185, 190, 206, 209, 222, 229, 231, 232, 234, 235, 249, 251, 256, 260, 261, 301, 306, 308, 309, 312, 313, 319, 321, 340, 356, 358, 360, 362, 364, 377, 379, 381, 392, 400, 401, 412, 413, 421, 425, 426, 434, 435, 460, 470, 475]"
61,2,[]
39,4,"[188, 311]"
26,7,[]
48,9,"[32, 40, 83, 100, 102, 175, 195, 212, 246, 278, 290, 341, 395, 448]"
42,4,"[11, 30, 61, 109, 112, 274, 281, 304, 363, 461]"
39,6,"[18, 27, 54, 64, 77, 136, 158, 218, 220, 238, 299, 336, 447, 474]"
23,2,"[7, 13, 16, 24, 34, 36, 41, 44, 52, 58, 59, 62, 65, 73, 81, 87, 96, 116, 121, 122, 131, 142, 162, 171, 177, 178, 190, 222, 229, 231, 232, 234, 235, 249, 251, 260, 261, 301, 308, 309, 312, 319, 321, 340, 356, 358, 360, 362, 364, 377, 379, 381, 392, 400, 401, 412, 413, 421, 425, 426, 434, 435, 460, 470]"
30,4,"[41, 82, 90, 91, 124, 172, 202, 209, 232, 257, 267, 292, 293, 470, 485]"
23,6,"[7, 14, 25, 42, 65, 86, 87, 89, 90, 122, 149, 151, 159, 173, 196, 199, 202, 231, 240, 242, 257, 263, 264, 267, 273, 292, 293, 296, 317, 329, 340, 396, 412, 415, 425, 430, 432, 445, 477]"
44,2,"[69, 99, 141, 180, 311, 443, 467]"
51,2,"[12, 49, 120, 133, 166, 217, 241, 254, 258, 269, 270, 287, 310, 343, 386, 407, 411, 416, 454, 478, 480, 489, 491]"
19,6,"[7, 13, 16, 24, 34, 36, 41, 44, 52, 58, 59, 62, 65, 66, 73, 81, 87, 96, 116, 121, 122, 131, 142, 162, 171, 177, 178, 185, 222, 229, 231, 232, 234, 235, 249, 251, 260, 261, 301, 308, 309, 312, 319, 321, 340, 356, 358, 360, 362, 364, 377, 379, 381, 392, 400, 401, 412, 413, 421, 425, 426, 434, 435, 460, 470]"
87,3,"[204, 391]"
63,4,"[74, 109, 129, 274, 281, 285, 288, 304, 363, 469]"
38,3,[]
29,11,"[216, 344]"
48,3,"[32, 40, 83, 100, 102, 175, 182, 212, 246, 278, 290, 341, 395, 448]"
22,6,"[0, 7, 14, 42, 50, 51, 53, 65, 66, 87, 89, 106, 107, 117, 122, 130, 149, 150, 159, 164, 173, 174, 187, 231, 240, 257, 262, 263, 267, 293, 317, 392, 396, 400, 412, 420, 426, 430, 450, 477]"
33,2,"[37, 45, 55, 92, 118, 201, 219, 255, 303, 366, 479]"
43,2,"[5, 60, 145, 169, 207, 335, 371, 388, 455]"
24,2,"[0, 7, 14, 25, 42, 50, 51, 53, 65, 86, 89, 90, 106, 107, 117, 130, 149, 150, 151, 159, 164, 173, 174, 187, 202, 231, 240, 242, 257, 263, 264, 267, 273, 275, 292, 293, 296, 298, 317, 318, 329, 340, 348, 361, 372, 393, 396, 412, 425, 432, 445]"
14,7,"[8, 38, 143, 154, 241, 254]"
37,3,"[45, 55, 92, 118, 197, 219, 303, 366, 479]"
31,2,"[7, 14, 25, 42, 65, 82, 86, 89, 90, 91, 124, 151, 159, 172, 173, 186, 187, 199, 209, 231, 240, 242, 257, 263, 264, 267, 292, 293, 296, 329, 340, 396, 412, 425, 432, 445, 485]"
15,7,[284]
87,4,"[191, 391]"
23,10,"[161, 214, 398]"
19,6,"[36, 44, 58, 62, 81, 82, 116, 131, 178, 209, 235, 251, 256, 260, 306, 313, 360, 392, 400, 475]"
28,2,"[5, 60, 145, 169, 198, 335, 371, 388, 455]"
59,6,"[2, 31, 43, 70, 88, 95, 101, 113, 486]"
29,6,"[36, 44, 81, 82, 90, 91, 124, 131, 172, 178, 186, 202, 206, 251, 256, 257, 260, 267, 292, 293, 306, 313, 360, 392, 400, 475, 485]"
18,4,"[3, 28, 105, 110, 139, 141, 153, 165, 215, 228, 230, 236, 253, 280, 314, 323, 328, 332, 334, 339, 380, 403, 424, 443, 449, 458, 471, 472, 487]"
19,2,"[48, 56, 123, 247, 350, 365, 373, 374, 406, 423, 452, 462]"
50,9,"[32, 40, 83, 100, 102, 175, 182, 195, 246, 278, 290, 341, 395, 448]"
16,2,[252]
40,10,"[161, 205, 398]"
44,4,"[3, 28, 105, 110, 139, 141, 153, 165, 210, 230, 236, 237, 253, 279, 280, 314, 323, 328, 332, 334, 339, 380, 403, 424, 440, 443, 449, 458, 471, 472, 481, 487]"
147,2,"[194, 344]"
37,2,"[12, 49, 120, 133, 166, 189, 241, 254, 258, 269, 270, 287, 310, 343, 386, 407, 411, 416, 454, 478, 480, 489, 491]"
50,6,"[18, 27, 54, 64, 77, 136, 158, 184, 220, 238, 299, 336, 447, 474]"
36,6,"[37, 45, 55, 92, 118, 197, 201, 255, 303, 366, 479]"
29,6,"[18, 27, 54, 64, 77, 136, 158, 184, 218, 238, 299, 336, 447, 474]"
22,2,"[0, 47, 48, 50, 51, 53, 71, 72, 93, 106, 107, 117, 130, 149, 150, 164, 174, 233, 240, 273, 275, 477, 484]"
20,4,"[7, 13, 16, 24, 34, 36, 41, 44, 52, 58, 59, 62, 65, 73, 81, 87, 96, 116, 121, 122, 131, 142, 162, 171, 177, 178, 185, 190, 229, 231, 232, 234, 235, 249, 251, 260, 261, 301, 308, 309, 312, 319, 321, 340, 356, 358, 360, 362, 364, 377, 379, 381, 392, 400, 401, 412, 413, 421, 425, 426, 434, 435, 460, 470]"
35,6,"[22, 29, 277, 322, 346, 446]"
19,5,"[227, 459]"
93,2,[115]
50,4,[155]
21,5,"[224, 459]"
23,10,"[3, 105, 110, 153, 165, 210, 230, 236, 253, 280, 314, 328, 332, 339, 403, 424, 440, 443, 449, 458, 471, 472, 487]"
23,2,"[7, 13, 16, 24, 34, 36, 41, 44, 52, 58, 59, 62, 65, 73, 81, 87, 96, 116, 121, 122, 131, 142, 162, 171, 177, 178, 185, 190, 222, 231, 232, 234, 235, 249, 251, 260, 261, 301, 308, 309, 312, 319, 321, 340, 356, 358, 360, 362, 364, 377, 379, 381, 392, 400, 401, 412, 413, 421, 425, 426, 434, 435, 460, 470]"
76,4,"[3, 28, 105, 110, 139, 141, 153, 165, 210, 215, 228, 236, 253, 280, 314, 323, 328, 332, 334, 339, 380, 403, 424, 440, 443, 449, 458, 471, 472, 481, 487]"
22,5,"[7, 13, 14, 16, 24, 25, 34, 36, 41, 42, 44, 52, 58, 59, 62, 65, 66, 73, 81, 86, 87, 89, 90, 96, 116, 121, 122, 131, 142, 151, 159, 162, 171, 173, 177, 178, 185, 187, 190, 196, 199, 202, 222, 229, 232, 234, 235, 249, 251, 257, 260, 261, 262, 263, 264, 267, 293, 301, 308, 309, 312, 317, 319, 321, 329, 340, 356, 358, 360, 362, 364, 377, 379, 381, 392, 396, 400, 401, 412, 413, 420, 421, 425, 426, 434, 435, 450, 460, 470]"
23,2,"[7, 13, 16, 24, 34, 36, 41, 44, 52, 58, 59, 62, 65, 73, 81, 87, 96, 116, 121, 122, 131, 142, 162, 171, 172, 177, 178, 185, 186, 190, 222, 229, 231, 234, 235, 249, 251, 260, 261, 301, 308, 309, 312, 319, 321, 340, 356, 358, 360, 362, 364, 377, 379, 381, 392, 400, 401, 412, 413, 421, 425, 426, 434, 435, 460, 470, 485]"
26,2,"[0, 47, 50, 51, 53, 71, 72, 93, 106, 107, 117, 130, 150, 164, 174, 221, 240, 249, 275, 289, 321, 405, 430, 473, 477, 484]"
18,2,"[7, 13, 16, 24, 34, 36, 41, 44, 52, 58, 59, 62, 65, 73, 81, 87, 96, 116, 121, 122, 131, 142, 162, 171, 177, 178, 185, 190, 222, 229, 231, 232, 235, 249, 251, 260, 261, 301, 308, 309, 312, 319, 321, 340, 356, 358, 360, 362, 364, 377, 379, 381, 392, 400, 401, 412, 413, 421, 425, 426, 434, 435, 460, 470]"
21,5,"[7, 13, 16, 24, 34, 36, 41, 44, 52, 58, 59, 62, 65, 73, 81, 87, 96, 116, 121, 122, 131, 142, 162, 171, 177, 178, 185, 190, 206, 222, 229, 231, 232, 234, 249, 251, 256, 260, 261, 301, 306, 308, 309, 312, 313, 319, 321, 340, 356, 358, 360, 362, 364, 377, 379, 381, 392, 400, 401, 412, 413, 421, 425, 426, 434, 435, 460, 470, 475]"
26,10,"[3, 28, 105, 110, 139, 141, 153, 165, 210, 215, 228, 230, 253, 280, 314, 323, 328, 332, 334, 339, 380, 403, 424, 440, 443, 449, 458, 471, 472, 487]"
22,4,"[153, 215, 279, 332, 339, 449, 481]"
43,6,"[18, 27, 54, 64, 77, 136, 158, 184, 218, 220, 299, 336, 447, 474]"
63,4,[385]
30,11,"[7, 14, 25, 42, 47, 65, 71, 72, 86, 89, 90, 93, 107, 117, 151, 159, 173, 187, 196, 199, 202, 221, 233, 242, 249, 257, 263, 264, 267, 289, 292, 293, 296, 317, 321, 329, 340, 396, 405, 412, 425, 430, 432, 445, 473, 477]"
28,2,"[8, 12, 38, 49, 120, 133, 143, 154, 166, 189, 200, 217, 254, 258, 269, 270, 287, 310, 343, 386, 407, 411, 416, 454, 478, 480, 489, 491]"
20,2,"[7, 14, 25, 42, 65, 86, 89, 90, 149, 151, 159, 173, 187, 199, 202, 240, 257, 263, 264, 267, 273, 292, 293, 296, 329, 340, 396, 412, 413, 415, 425, 432, 445]"
13,7,[]
35,4,[]
30,6,[]
48,3,"[32, 40, 83, 100, 102, 175, 182, 195, 212, 278, 290, 341, 395, 448]"
22,3,"[48, 56, 123, 140, 211, 295, 350, 365, 373, 374, 402, 406, 423, 429, 452, 462]"
87,2,[305]
28,2,"[7, 13, 16, 24, 34, 36, 41, 44, 52, 58, 59, 62, 65, 72, 73, 81, 87, 96, 116, 121, 122, 131, 142, 162, 171, 177, 178, 185, 190, 222, 229, 231, 232, 233, 234, 235, 240, 251, 260, 261, 289, 301, 308, 309, 312, 319, 321, 340, 356, 358, 360, 362, 364, 377, 379, 381, 392, 400, 401, 405, 412, 413, 421, 425, 426, 430, 434, 435, 460, 470, 473]"
20,2,[79]
20,4,"[7, 13, 16, 24, 34, 36, 41, 44, 52, 58, 59, 62, 65, 73, 81, 82, 87, 96, 116, 121, 122, 131, 142, 162, 171, 177, 178, 185, 190, 206, 209, 222, 229, 231, 232, 234, 235, 249, 256, 260, 261, 301, 306, 308, 309, 312, 313, 319, 321, 340, 356, 358, 360, 362, 364, 377, 379, 381, 392, 400, 401, 412, 413, 421, 425, 426, 434, 435, 460, 470, 475]"
16,3,[213]
28,4,"[3, 28, 105, 110, 139, 141, 153, 165, 210, 215, 228, 230, 236, 280, 314, 323, 328, 332, 334, 339, 380, 403, 424, 440, 443, 449, 458, 471, 472, 481, 487]"
28,2,"[8, 12, 38, 49, 120, 133, 143, 154, 166, 189, 200, 217, 241, 258, 269, 270, 287, 310, 343, 386, 407, 411, 416, 454, 478, 480, 489, 491]"
31,3,"[37, 55, 92, 118, 197, 219, 303, 345, 479]"
19,4,"[36, 44, 58, 62, 81, 82, 116, 131, 178, 206, 209, 235, 251, 260, 306, 313, 360, 392, 400, 475]"
26,6,"[7, 14, 25, 42, 65, 66, 82, 86, 87, 89, 90, 91, 122, 124, 151, 159, 172, 173, 186, 187, 196, 199, 202, 209, 231, 240, 242, 262, 263, 264, 267, 292, 293, 296, 317, 329, 340, 392, 396, 400, 412, 420, 425, 426, 432, 445, 450, 485]"
20,2,"[12, 49, 120, 133, 166, 189, 217, 241, 254, 269, 343, 386, 411, 416, 454, 478, 480, 491]"
71,2,[19]
22,4,"[7, 13, 16, 24, 34, 36, 41, 44, 52, 58, 59, 62, 65, 73, 81, 82, 87, 96, 116, 121, 122, 131, 142, 162, 171, 177, 178, 185, 190, 206, 209, 222, 229, 231, 232, 234, 235, 249, 251, 256, 261, 301, 306, 308, 309, 312, 313, 319, 321, 340, 356, 358, 360, 362, 364, 377, 379, 381, 392, 400, 401, 412, 413, 421, 425, 426, 434, 435, 460, 470, 475]"
31,2,"[7, 13, 16, 24, 34, 36, 41, 44, 52, 58, 59, 62, 65, 73, 81, 87, 96, 116, 121, 122, 131, 142, 162, 171, 177, 178, 185, 190, 222, 229, 231, 232, 234, 235, 249, 251, 260, 301, 308, 309, 312, 319, 321, 340, 356, 358, 360, 362, 364, 377, 379, 381, 392, 400, 401, 412, 413, 421, 425, 426, 434, 435, 460, 470]"
22,6,"[7, 14, 65, 66, 87, 97, 98, 114, 122, 173, 196, 231, 257, 265, 396, 420, 450, 460]"
20,6,"[7, 14, 25, 42, 65, 66, 86, 87, 89, 90, 122, 149, 151, 159, 173, 187, 196, 199, 202, 231, 240, 242, 257, 264, 267, 273, 292, 293, 296, 317, 329, 340, 392, 396, 400, 412, 415, 420, 425, 426, 432, 445, 450]"
23,2,"[0, 7, 14, 25, 42, 50, 51, 53, 65, 86, 87, 89, 90, 106, 107, 117, 122, 130, 149, 150, 151, 159, 164, 173, 174, 187, 199, 202, 231, 240, 242, 257, 263, 267, 273, 292, 293, 296, 318, 329, 340, 348, 372, 396, 412, 415, 425, 432, 445]"
26,4,"[97, 98, 114, 262, 396, 444, 450]"
21,4,"[24, 52, 73, 98, 142, 428]"
26,2,"[7, 14, 25, 42, 65, 66, 82, 86, 87, 89, 90, 91, 122, 124, 151, 159, 172, 173, 186, 187, 196, 199, 202, 209, 231, 240, 242, 257, 263, 264, 292, 293, 296, 317, 329, 340, 392, 396, 400, 412, 420, 425, 426, 432, 445, 450, 485]"
47,3,"[4, 17, 57, 94, 152, 170, 387, 451, 483]"
31,2,"[12, 49, 120, 133, 166, 189, 217, 241, 254, 258, 270, 287, 310, 343, 386, 407, 411, 416, 454, 478, 480, 489, 491]"
45,6,"[12, 49, 120, 133, 166, 189, 217, 241, 254, 269, 287, 310, 343, 375, 386, 407, 410, 411, 416, 454, 478, 480, 489, 491]"
32,3,[176]
39,4,"[99, 311, 467]"
23,2,"[0, 14, 25, 42, 48, 50, 51, 53, 71, 89, 93, 106, 107, 117, 130, 149, 150, 151, 159, 164, 173, 174, 187, 199, 221, 242, 263, 264, 275, 296, 298, 317, 318, 348, 361, 372, 393, 415, 432, 445]"
37,4,"[11, 30, 61, 74, 109, 112, 129, 183, 192, 281, 285, 288, 304, 363, 461, 469]"
24,2,"[0, 42, 47, 50, 51, 53, 71, 72, 89, 106, 107, 117, 130, 149, 150, 159, 164, 174, 199, 221, 233, 273, 296, 298, 317, 318, 348, 361, 372, 393, 484]"
46,2,"[6, 325, 330]"
54,6,"[22, 29, 223, 322, 346, 431, 446]"
41,3,"[32, 40, 83, 100, 102, 175, 182, 195, 212, 246, 290, 341, 395, 448]"
23,4,"[69, 153, 215, 237, 332, 339, 449, 481]"
25,4,"[3, 28, 105, 110, 139, 153, 165, 210, 215, 228, 230, 236, 253, 314, 323, 328, 332, 334, 339, 380, 403, 424, 440, 443, 449, 458, 471, 472, 481, 487]"
37,7,"[11, 30, 61, 74, 109, 112, 129, 183, 192, 274, 285, 288, 304, 363, 461, 469]"
27,10,[111]
40,2,"[6, 325]"
14,2,[203]
49,4,"[11, 74, 109, 129, 192, 274, 281, 288, 304, 327, 363, 378, 390, 461, 463, 469]"
37,3,[]
49,2,"[12, 49, 120, 133, 166, 189, 217, 241, 254, 269, 270, 310, 343, 375, 386, 407, 410, 411, 416, 454, 478, 480, 489, 491]"
63,10,"[74, 109, 129, 192, 274, 281, 285, 304, 363, 469]"
27,2,"[72, 233, 240, 249, 321, 405, 430, 473, 484]"
39,3,"[32, 40, 83, 100, 102, 175, 182, 195, 212, 246, 278, 341, 395, 448]"
47,6,[]
31,6,"[7, 14, 25, 42, 65, 82, 86, 89, 90, 91, 124, 151, 159, 172, 173, 186, 187, 199, 202, 209, 240, 242, 257, 263, 264, 267, 293, 296, 329, 340, 396, 412, 425, 432, 445, 485]"
26,6,"[7, 14, 25, 42, 65, 66, 82, 86, 87, 89, 90, 91, 122, 124, 151, 159, 172, 173, 186, 187, 196, 199, 202, 209, 231, 240, 242, 257, 263, 264, 267, 292, 296, 317, 329, 340, 392, 396, 400, 412, 420, 425, 426, 432, 445, 450, 485]"
42,3,[]
13,3,"[140, 247, 365, 402, 429]"
27,2,"[0, 7, 14, 25, 42, 50, 51, 53, 65, 86, 89, 90, 106, 107, 117, 130, 149, 150, 151, 159, 164, 173, 174, 187, 199, 202, 240, 242, 257, 263, 264, 267, 273, 275, 292, 293, 298, 317, 318, 329, 340, 348, 361, 372, 393, 396, 412, 425, 432, 445]"
12,3,[]
20,2,"[0, 42, 48, 50, 51, 53, 89, 106, 107, 117, 130, 149, 150, 159, 164, 174, 199, 273, 275, 296, 317, 318, 348, 361, 372, 393, 423, 462, 473]"
29,6,"[18, 27, 54, 64, 77, 136, 158, 184, 218, 220, 238, 336, 447, 474]"
11,2,[]
21,2,"[7, 13, 16, 24, 34, 36, 41, 44, 52, 58, 59, 62, 65, 73, 81, 87, 96, 116, 121, 122, 131, 142, 162, 171, 177, 178, 185, 190, 222, 229, 231, 232, 234, 235, 249, 251, 260, 261, 308, 309, 312, 319, 321, 340, 356, 358, 360, 362, 364, 377, 379, 381, 392, 400, 401, 412, 413, 421, 425, 426, 434, 435, 460, 470]"
33,3,"[316, 357, 476]"
39,3,"[37, 45, 55, 92, 118, 197, 201, 219, 255, 366, 479]"
36,4,"[11, 30, 61, 74, 109, 112, 129, 183, 192, 274, 281, 285, 288, 363, 461, 469]"
87,10,[248]
19,5,"[36, 44, 58, 62, 81, 82, 116, 131, 178, 206, 209, 235, 251, 256, 260, 313, 360, 392, 400, 475]"
38,2,[359]
21,3,"[7, 13, 16, 24, 34, 36, 41, 44, 52, 58, 59, 62, 65, 73, 81, 87, 96, 116, 121, 122, 131, 142, 162, 171, 177, 178, 185, 190, 222, 229, 231, 232, 234, 235, 249, 251, 260, 261, 301, 309, 312, 319, 321, 340, 356, 358, 360, 362, 364, 377, 379, 381, 392, 400, 401, 412, 413, 421, 425, 426, 434, 435, 460, 470]"
21,3,"[7, 13, 16, 24, 34, 36, 41, 44, 52, 58, 59, 62, 65, 73, 81, 87, 96, 116, 121, 122, 131, 142, 162, 171, 177, 178, 185, 190, 222, 229, 231, 232, 234, 235, 249, 251, 260, 261, 301, 308, 312, 319, 321, 340, 356, 358, 360, 362, 364, 377, 379, 381, 392, 400, 401, 412, 413, 421, 425, 426, 434, 435, 460, 470]"
52,2,"[12, 49, 120, 133, 166, 189, 217, 241, 254, 269, 270, 287, 343, 375, 386, 407, 410, 411, 416, 454, 478, 480, 489, 491]"
44,4,"[99, 180, 188, 272, 467]"
21,2,"[7, 13, 16, 24, 34, 36, 41, 44, 52, 58, 59, 62, 65, 73, 81, 87, 96, 116, 121, 122, 131, 142, 162, 171, 177, 178, 185, 190, 222, 229, 231, 232, 234, 235, 249, 251, 260, 261, 301, 308, 309, 319, 321, 340, 356, 358, 360, 362, 364, 377, 379, 381, 392, 400, 401, 412, 413, 421, 425, 426, 434, 435, 460, 470]"
19,2,"[36, 44, 58, 62, 81, 82, 116, 131, 178, 206, 209, 235, 251, 256, 260, 306, 360, 392, 400, 475]"
26,4,"[3, 28, 105, 110, 139, 141, 153, 165, 210, 215, 228, 230, 236, 253, 280, 323, 328, 332, 334, 339, 380, 403, 424, 440, 443, 449, 458, 471, 472, 487]"
28,4,[]
20,7,"[69, 302, 357, 476]"
22,6,"[0, 7, 14, 42, 50, 51, 53, 65, 66, 87, 89, 106, 107, 117, 122, 130, 149, 150, 159, 164, 173, 174, 187, 196, 199, 231, 240, 257, 263, 267, 273, 275, 293, 296, 298, 392, 396, 400, 412, 420, 426, 430, 450, 477]"
22,5,"[0, 42, 50, 51, 53, 89, 106, 107, 117, 130, 149, 150, 151, 159, 164, 174, 177, 199, 264, 273, 275, 296, 298, 348, 372, 405, 413, 415, 430]"
21,2,"[7, 13, 16, 24, 34, 36, 41, 44, 52, 58, 59, 62, 65, 73, 81, 87, 96, 116, 121, 122, 131, 142, 162, 171, 177, 178, 185, 190, 222, 229, 231, 232, 234, 235, 249, 251, 260, 261, 301, 308, 309, 312, 321, 340, 356, 358, 360, 362, 364, 377, 379, 381, 392, 400, 401, 412, 413, 421, 425, 426, 434, 435, 460, 470]"
45,6,[138]
28,7,"[7, 13, 16, 24, 34, 36, 41, 44, 52, 58, 59, 62, 65, 72, 73, 81, 87, 96, 116, 121, 122, 131, 142, 162, 171, 177, 178, 185, 190, 222, 229, 231, 232, 233, 234, 235, 240, 249, 251, 260, 261, 289, 301, 308, 309, 312, 319, 340, 356, 358, 360, 362, 364, 377, 379, 381, 392, 400, 401, 405, 412, 413, 421, 425, 426, 430, 434, 435, 460, 470, 473]"
34,6,"[22, 29, 223, 277, 346, 446]"
42,4,"[3, 28, 105, 110, 139, 153, 165, 210, 215, 230, 236, 253, 280, 314, 328, 332, 334, 339, 380, 403, 424, 440, 443, 449, 458, 471, 472, 481, 487]"
28,2,[464]
24,2,"[6, 276, 283]"
19,10,"[20, 76]"
35,10,"[285, 378, 390, 463, 469]"
42,4,"[3, 28, 105, 110, 139, 141, 153, 165, 210, 215, 228, 230, 236, 253, 280, 314, 323, 332, 334, 339, 380, 403, 424, 440, 443, 449, 458, 471, 472, 481, 487]"
25,2,"[7, 14, 25, 42, 65, 86, 87, 89, 90, 122, 151, 159, 173, 187, 199, 202, 231, 240, 242, 257, 263, 264, 267, 292, 293, 296, 340, 396, 405, 412, 425, 432, 445]"
44,2,[276]
18,2,"[352, 353, 442, 488]"
33,4,"[3, 28, 105, 110, 139, 141, 153, 165, 210, 215, 228, 230, 236, 237, 253, 279, 280, 314, 323, 328, 334, 339, 380, 403, 424, 440, 443, 449, 458, 471, 472, 481, 487]"
29,3,[366]
23,4,"[3, 28, 105, 110, 139, 141, 153, 165, 210, 215, 230, 236, 253, 280, 314, 323, 328, 332, 339, 380, 403, 424, 440, 443, 449, 458, 471, 472, 481, 487]"
14,2,"[5, 60, 145, 169, 198, 207, 371, 388, 455]"
29,6,"[18, 27, 54, 64, 77, 136, 158, 184, 218, 220, 238, 299, 447, 474]"
26,3,[]
43,4,[]
41,4,"[3, 28, 105, 110, 139, 141, 153, 165, 210, 215, 228, 230, 236, 237, 253, 279, 280, 314, 323, 328, 332, 334, 380, 403, 424, 440, 443, 449, 458, 471, 472, 481, 487]"
22,11,"[7, 13, 14, 16, 24, 25, 34, 36, 41, 42, 44, 52, 58, 59, 62, 65, 73, 81, 86, 87, 89, 90, 96, 116, 121, 122, 131, 142, 151, 159, 162, 171, 173, 177, 178, 185, 187, 190, 199, 202, 222, 229, 231, 232, 234, 235, 240, 242, 249, 251, 257, 260, 261, 263, 264, 267, 292, 293, 296, 301, 308, 309, 312, 319, 321, 329, 356, 358, 360, 362, 364, 377, 379, 381, 392, 400, 401, 412, 413, 421, 425, 426, 434, 435, 460, 470]"
39,9,"[32, 40, 83, 100, 102, 175, 182, 195, 212, 246, 278, 290, 395, 448]"
44,2,[]
53,2,"[12, 49, 120, 133, 166, 189, 217, 241, 254, 258, 269, 270, 287, 310, 386, 407, 411, 416, 454, 478, 480, 489, 491]"
29,2,"[194, 216]"
13,3,[255]
30,6,"[22, 29, 223, 277, 322, 446]"
13,8,[]
22,6,"[0, 42, 50, 51, 53, 89, 106, 107, 117, 130, 149, 150, 151, 159, 164, 174, 177, 199, 264, 273, 275, 296, 298, 318, 372, 405, 413, 415, 430]"
33,2,[]
22,3,"[48, 56, 123, 211, 247, 365, 373, 374, 402, 406, 423, 429, 452, 462]"
15,2,[417]
22,2,"[331, 353, 442, 488]"
21,2,"[331, 352, 442, 488]"
48,8,"[75, 84]"
37,12,[486]
21,4,"[7, 13, 16, 24, 34, 36, 41, 44, 52, 58, 59, 62, 65, 73, 81, 87, 96, 116, 121, 122, 131, 142, 162, 171, 177, 178, 185, 190, 222, 229, 231, 232, 234, 235, 249, 251, 260, 261, 301, 308, 309, 312, 319, 321, 340, 358, 360, 362, 364, 377, 379, 381, 392, 400, 401, 412, 413, 421, 425, 426, 434, 435, 460, 470]"
14,10,"[302, 316, 476]"
21,4,"[7, 13, 16, 24, 34, 36, 41, 44, 52, 58, 59, 62, 65, 73, 81, 87, 96, 116, 121, 122, 131, 142, 162, 171, 177, 178, 185, 190, 222, 229, 231, 232, 234, 235, 249, 251, 260, 261, 301, 308, 309, 312, 319, 321, 340, 356, 360, 362, 364, 377, 379, 381, 392, 400, 401, 412, 413, 421, 425, 426, 434, 435, 460, 470]"
38,6,[307]
22,2,"[7, 13, 16, 24, 34, 36, 41, 44, 52, 58, 59, 62, 65, 73, 81, 82, 87, 96, 116, 121, 122, 131, 142, 162, 171, 177, 178, 185, 190, 206, 209, 222, 229, 231, 232, 234, 235, 249, 251, 256, 260, 261, 301, 306, 308, 309, 312, 313, 319, 321, 340, 356, 358, 362, 364, 377, 379, 381, 392, 400, 401, 412, 413, 421, 425, 426, 434, 435, 460, 470, 475]"
19,2,"[0, 42, 48, 50, 51, 53, 89, 106, 107, 117, 130, 149, 150, 159, 164, 174, 199, 273, 275, 296, 298, 372, 393, 423, 462, 473]"
31,2,"[7, 13, 16, 24, 34, 36, 41, 44, 52, 58, 59, 62, 65, 73, 81, 87, 96, 116, 121, 122, 131, 142, 162, 171, 177, 178, 185, 190, 222, 229, 231, 232, 234, 235, 249, 251, 260, 261, 301, 308, 309, 312, 319, 321, 340, 356, 358, 360, 364, 377, 379, 381, 392, 400, 401, 412, 413, 421, 425, 426, 434, 435, 460, 470]"
46,4,"[11, 30, 61, 74, 109, 112, 129, 183, 192, 274, 281, 285, 288, 304, 461, 469]"
18,4,"[7, 13, 16, 24, 34, 36, 41, 44, 52, 58, 59, 62, 65, 73, 81, 87, 96, 116, 121, 122, 131, 142, 162, 171, 177, 178, 185, 190, 222, 229, 231, 232, 234, 235, 249, 251, 260, 261, 301, 308, 309, 312, 319, 321, 340, 356, 358, 360, 362, 377, 379, 381, 392, 400, 401, 412, 413, 421, 425, 426, 434, 435, 460, 470]"
22,3,"[48, 56, 123, 140, 211, 247, 295, 350, 373, 374, 402, 406, 423, 429, 452, 462]"
30,3,"[45, 55, 92, 118, 197, 201, 219, 303, 333, 479]"
52,3,[]
34,9,[]
26,3,[408]
61,7,[46]
38,2,"[5, 60, 145, 169, 198, 207, 335, 388, 455]"
22,5,"[0, 42, 50, 51, 53, 89, 106, 107, 117, 130, 149, 150, 151, 159, 164, 174, 199, 264, 273, 275, 296, 298, 318, 348, 361, 393, 405, 415, 430]"
16,3,"[48, 56, 123, 211, 247, 350, 365, 374, 406, 423, 452, 462]"
24,2,"[48, 56, 123, 211, 247, 350, 365, 373, 406, 423, 452, 462]"
50,2,"[12, 120, 166, 270, 287, 310, 407, 410, 454, 480, 489]"
29,4,[]
21,5,"[7, 13, 16, 24, 34, 36, 41, 44, 52, 58, 59, 62, 65, 73, 81, 87, 96, 116, 121, 122, 131, 142, 162, 171, 177, 178, 185, 190, 222, 229, 231, 232, 234, 235, 249, 251, 260, 261, 301, 308, 309, 312, 319, 321, 340, 356, 358, 360, 362, 364, 379, 381, 392, 400, 401, 412, 413, 421, 425, 426, 434, 435, 460, 470]"
25,2,"[285, 327, 390, 463, 469]"
21,2,"[7, 13, 16, 24, 34, 36, 41, 44, 52, 58, 59, 62, 65, 73, 81, 87, 96, 116, 121, 122, 131, 142, 162, 171, 177, 178, 185, 190, 222, 229, 231, 232, 234, 235, 249, 251, 260, 261, 301, 308, 309, 312, 319, 321, 340, 356, 358, 360, 362, 364, 377, 381, 392, 400, 401, 412, 413, 421, 425, 426, 434, 435, 460, 470]"
21,4,"[3, 28, 105, 110, 139, 141, 153, 165, 210, 215, 230, 236, 253, 280, 314, 323, 328, 332, 334, 339, 403, 424, 440, 443, 449, 458, 471, 472, 487]"
20,2,"[7, 13, 16, 24, 34, 36, 41, 44, 52, 58, 59, 62, 65, 73, 81, 87, 96, 116, 121, 122, 131, 142, 162, 171, 177, 178, 185, 190, 222, 229, 231, 232, 234, 235, 249, 251, 260, 261, 301, 308, 309, 312, 319, 321, 340, 356, 358, 360, 362, 364, 377, 379, 392, 400, 401, 412, 413, 421, 425, 426, 434, 435, 460, 470]"
31,8,[]
37,4,[]
52,4,[456]
63,3,[239]
34,2,"[12, 49, 120, 133, 166, 189, 217, 241, 254, 258, 269, 270, 287, 310, 343, 407, 411, 416, 454, 478, 480, 489, 491]"
32,3,"[4, 17, 57, 94, 152, 170, 268, 451, 483]"
20,2,"[5, 60, 145, 169, 198, 207, 335, 371, 455]"
63,6,[]
35,2,"[285, 327, 378, 463, 469]"
87,5,"[191, 204]"
21,2,"[7, 13, 14, 16, 24, 34, 36, 41, 44, 52, 58, 59, 62, 65, 66, 73, 81, 82, 87, 96, 116, 121, 122, 131, 142, 162, 171, 173, 177, 178, 185, 190, 196, 206, 209, 222, 229, 231, 232, 234, 235, 249, 251, 256, 257, 260, 261, 263, 267, 293, 301, 306, 308, 309, 312, 313, 317, 319, 321, 340, 356, 358, 360, 362, 364, 377, 379, 381, 400, 401, 412, 413, 421, 425, 426, 434, 435, 460, 470, 475]"
21,2,"[0, 42, 50, 51, 53, 89, 106, 107, 117, 130, 149, 150, 159, 164, 174, 199, 273, 275, 296, 298, 361, 372, 432, 445]"
14,5,[]
43,10,"[32, 40, 83, 100, 102, 175, 182, 195, 212, 246, 278, 290, 341, 448]"
35,6,"[7, 14, 25, 42, 65, 66, 86, 87, 89, 90, 97, 98, 114, 122, 151, 159, 173, 187, 196, 199, 202, 231, 240, 242, 257, 262, 263, 264, 265, 267, 292, 293, 296, 317, 329, 400, 412, 420, 426, 450]"
16,2,[]
17,10,"[161, 205, 214]"
61,6,[]
21,6,"[7, 13, 14, 16, 24, 34, 36, 41, 44, 52, 58, 59, 62, 65, 66, 73, 81, 82, 87, 96, 116, 121, 122, 131, 142, 162, 171, 173, 177, 178, 185, 190, 196, 206, 209, 222, 229, 231, 232, 234, 235, 249, 251, 256, 257, 260, 261, 263, 267, 293, 301, 306, 308, 309, 312, 313, 317, 319, 321, 340, 356, 358, 360, 362, 364, 377, 379, 381, 392, 396, 401, 412, 413, 421, 425, 426, 434, 435, 460, 470, 475]"
20,2,"[7, 13, 16, 24, 34, 36, 41, 44, 52, 58, 59, 62, 65, 73, 81, 87, 96, 116, 121, 122, 131, 142, 162, 171, 177, 178, 185, 190, 222, 229, 231, 232, 234, 235, 249, 251, 260, 261, 301, 308, 309, 312, 319, 321, 340, 356, 358, 360, 362, 364, 377, 379, 381, 392, 400, 412, 413, 421, 425, 426, 434, 435, 460, 470]"
21,3,"[123, 140, 247, 295, 350, 365, 429]"
27,4,"[3, 28, 105, 110, 139, 141, 153, 165, 210, 215, 228, 230, 236, 253, 280, 314, 323, 328, 332, 334, 339, 380, 424, 440, 443, 449, 458, 471, 472, 481, 487]"
23,7,[148]
31,2,"[72, 86, 233, 240, 249, 289, 318, 321, 329, 348, 372, 415, 430, 473]"
24,2,"[48, 56, 123, 211, 247, 350, 365, 373, 374, 423, 452, 462]"
49,2,"[12, 49, 120, 133, 166, 189, 217, 241, 254, 269, 270, 287, 310, 343, 375, 386, 410, 411, 416, 454, 478, 480, 489, 491]"
19,3,[369]
69,3,[104]
51,2,"[12, 166, 270, 287, 310, 375, 407, 454, 480, 489]"
21,2,"[12, 49, 120, 133, 166, 189, 217, 241, 254, 258, 269, 270, 287, 310, 343, 386, 407, 416, 454, 478, 480, 489, 491]"
23,6,"[7, 13, 14, 16, 24, 25, 34, 36, 41, 42, 44, 52, 58, 59, 62, 65, 66, 73, 81, 86, 87, 89, 90, 96, 116, 121, 122, 131, 142, 151, 159, 162, 171, 173, 177, 178, 185, 187, 190, 196, 199, 202, 222, 229, 231, 232, 234, 235, 240, 242, 249, 251, 257, 260, 261, 263, 264, 267, 292, 293, 296, 301, 308, 309, 312, 317, 319, 321, 329, 340, 356, 358, 360, 362, 364, 377, 379, 381, 392, 396, 400, 401, 413, 420, 421, 425, 426, 432, 434, 435, 445, 450, 460, 470]"
20,11,"[7, 13, 16, 24, 25, 34, 36, 41, 44, 52, 58, 59, 62, 65, 73, 81, 87, 96, 116, 121, 122, 131, 142, 162, 171, 177, 178, 185, 190, 222, 229, 231, 232, 234, 235, 242, 249, 251, 260, 261, 301, 308, 309, 312, 318, 319, 321, 340, 348, 356, 358, 360, 362, 364, 377, 379, 381, 392, 400, 401, 412, 421, 425, 426, 434, 435, 460, 470]"
12,4,[]
21,2,"[14, 25, 149, 151, 173, 187, 242, 263, 264, 273, 318, 348, 372, 405, 430, 432, 445, 462, 484]"
51,2,"[12, 49, 120, 133, 166, 189, 217, 241, 254, 258, 269, 270, 287, 310, 343, 386, 407, 411, 454, 478, 480, 489, 491]"
15,11,[351]
14,10,[]
41,2,[]
20,6,"[7, 14, 65, 66, 87, 122, 173, 196, 231, 257, 262, 263, 267, 293, 317, 396, 412, 426, 450, 460]"
21,4,"[7, 13, 16, 24, 34, 36, 41, 44, 52, 58, 59, 62, 65, 73, 81, 87, 96, 116, 121, 122, 131, 142, 162, 171, 177, 178, 185, 190, 222, 229, 231, 232, 234, 235, 249, 251, 260, 261, 301, 308, 309, 312, 319, 321, 340, 356, 358, 360, 362, 364, 377, 379, 381, 392, 400, 401, 412, 413, 425, 426, 434, 435, 460, 470]"
31,2,"[9, 466, 482]"
23,2,"[48, 56, 89, 123, 211, 247, 298, 350, 361, 365, 373, 374, 406, 452, 462, 473]"
26,4,"[3, 28, 105, 110, 139, 141, 153, 165, 210, 215, 228, 230, 236, 253, 280, 314, 323, 328, 332, 334, 339, 380, 403, 440, 443, 449, 458, 471, 472, 481, 487]"
22,2,"[7, 13, 14, 16, 24, 25, 34, 36, 41, 42, 44, 52, 58, 59, 62, 65, 73, 81, 86, 87, 89, 90, 96, 116, 121, 122, 131, 142, 151, 159, 162, 171, 173, 177, 178, 185, 187, 190, 199, 202, 222, 229, 231, 232, 234, 235, 240, 242, 249, 251, 257, 260, 261, 263, 264, 267, 292, 293, 296, 301, 308, 309, 312, 319, 321, 329, 340, 356, 358, 360, 362, 364, 377, 379, 381, 392, 400, 401, 412, 413, 421, 426, 434, 435, 460, 470]"
24,6,"[7, 13, 14, 16, 24, 34, 36, 41, 44, 52, 58, 59, 62, 65, 66, 73, 81, 87, 91, 96, 97, 116, 121, 122, 131, 142, 162, 171, 173, 177, 178, 185, 190, 196, 222, 229, 231, 232, 234, 235, 249, 251, 257, 260, 261, 263, 267, 293, 301, 308, 309, 312, 317, 319, 321, 340, 356, 358, 360, 362, 364, 377, 379, 381, 392, 396, 400, 401, 412, 413, 420, 421, 425, 434, 435, 460, 470]"
15,3,[]
20,7,[266]
21,2,"[123, 140, 247, 295, 350, 365, 402]"
29,2,"[72, 187, 196, 233, 240, 249, 289, 317, 318, 321, 348, 372, 405, 415, 473, 477]"
26,6,[277]
23,2,"[7, 14, 25, 42, 65, 86, 89, 90, 149, 151, 159, 173, 187, 199, 202, 240, 242, 257, 263, 264, 267, 273, 292, 293, 296, 329, 393, 412, 415, 445]"
44,5,"[67, 76, 168]"
26,2,"[7, 13, 16, 24, 34, 36, 41, 44, 52, 58, 59, 62, 65, 73, 81, 87, 96, 116, 121, 122, 131, 142, 162, 171, 177, 178, 185, 190, 222, 229, 231, 232, 234, 235, 249, 251, 260, 261, 301, 308, 309, 312, 319, 321, 340, 356, 358, 360, 362, 364, 377, 379, 381, 392, 400, 401, 412, 413, 421, 425, 426, 435, 460, 470]"
24,4,"[7, 13, 16, 24, 34, 36, 41, 44, 52, 58, 59, 62, 65, 73, 81, 87, 91, 96, 97, 116, 121, 122, 131, 142, 162, 171, 177, 178, 185, 190, 222, 229, 231, 232, 234, 235, 249, 251, 260, 261, 301, 308, 309, 312, 319, 321, 340, 356, 358, 360, 362, 364, 377, 379, 381, 392, 400, 401, 412, 413, 421, 425, 426, 434, 460, 470]"
45,3,[]
48,2,[]
12,2,[]
5,7,[]
44,4,"[3, 26, 28, 105, 110, 139, 141, 153, 165, 215, 228, 230, 236, 253, 280, 314, 323, 328, 332, 334, 339, 380, 403, 424, 443, 449, 458, 471, 472, 481, 487]"
24,3,[]
31,2,"[331, 352, 353, 488]"
32,4,"[3, 28, 69, 105, 110, 139, 141, 153, 165, 188, 210, 215, 228, 230, 236, 253, 280, 314, 323, 328, 332, 334, 339, 380, 403, 424, 440, 449, 458, 467, 471, 472, 487]"
33,4,[265]
23,2,"[7, 14, 25, 42, 65, 86, 89, 90, 149, 151, 159, 173, 187, 199, 202, 240, 242, 257, 263, 264, 267, 273, 292, 293, 296, 329, 393, 412, 415, 432]"
29,6,"[22, 29, 223, 277, 322, 346]"
50,6,"[18, 27, 54, 64, 77, 136, 158, 184, 218, 220, 238, 299, 336, 474]"
34,10,"[32, 40, 83, 100, 102, 175, 182, 195, 212, 246, 278, 290, 341, 395]"
24,4,"[3, 28, 105, 110, 139, 141, 153, 165, 210, 215, 228, 230, 236, 237, 253, 279, 280, 314, 323, 328, 332, 334, 339, 380, 403, 424, 440, 443, 458, 471, 472, 481, 487]"
22,5,"[7, 14, 65, 66, 87, 97, 98, 114, 122, 173, 196, 231, 257, 262, 263, 265, 267, 293, 317, 396, 412, 420, 460]"
56,3,"[4, 17, 57, 94, 152, 170, 268, 387, 483]"
24,3,"[48, 56, 123, 211, 247, 350, 365, 373, 374, 406, 423, 462]"
22,3,"[21, 108, 137, 144, 156]"
41,2,"[12, 49, 120, 133, 166, 189, 217, 241, 254, 258, 269, 270, 287, 310, 343, 375, 386, 407, 410, 411, 416, 478, 480, 489, 491]"
13,2,"[5, 60, 145, 169, 198, 207, 335, 371, 388]"
48,4,[384]
46,6,[]
29,4,"[3, 28, 105, 110, 139, 141, 153, 165, 210, 215, 228, 230, 236, 253, 280, 314, 323, 328, 332, 334, 339, 380, 403, 424, 440, 443, 449, 471, 472, 481, 487]"
11,5,"[224, 227]"
19,2,"[7, 13, 16, 24, 34, 36, 41, 44, 52, 58, 59, 62, 65, 66, 73, 81, 87, 96, 116, 121, 122, 131, 142, 162, 171, 177, 178, 185, 190, 222, 229, 231, 232, 234, 235, 249, 251, 260, 261, 262, 301, 308, 309, 312, 319, 321, 340, 356, 358, 360, 362, 364, 377, 379, 381, 392, 400, 401, 412, 413, 420, 421, 425, 426, 434, 435, 450, 470]"
47,6,"[11, 30, 61, 74, 109, 112, 129, 183, 274, 281, 285, 304, 363, 469]"
24,3,"[48, 56, 89, 123, 211, 247, 298, 350, 361, 365, 373, 374, 406, 415, 423, 452, 473]"
15,10,"[285, 327, 378, 390]"
28,7,[324]
30,7,[]
42,4,"[9, 125, 422, 482]"
45,4,"[69, 99, 188, 272, 311, 443]"
26,7,[]
44,4,"[11, 74, 109, 129, 192, 274, 281, 285, 288, 304, 327, 363, 378, 390, 461]"
23,4,"[7, 13, 16, 24, 34, 36, 41, 44, 52, 58, 59, 62, 65, 73, 81, 87, 96, 116, 121, 122, 131, 142, 162, 171, 172, 177, 178, 185, 186, 190, 222, 229, 231, 232, 234, 235, 249, 251, 260, 261, 301, 308, 309, 312, 319, 321, 340, 356, 358, 360, 362, 364, 377, 379, 381, 392, 400, 401, 412, 413, 421, 425, 426, 434, 435, 460, 485]"
82,4,"[3, 28, 105, 110, 139, 141, 153, 165, 210, 215, 228, 230, 236, 253, 280, 314, 323, 328, 332, 334, 339, 380, 403, 424, 440, 443, 449, 458, 472, 481, 487]"
31,4,"[3, 28, 105, 110, 139, 141, 153, 165, 210, 215, 228, 230, 236, 253, 280, 314, 323, 328, 332, 334, 339, 380, 403, 424, 440, 443, 449, 458, 471, 481, 487]"
24,7,"[0, 47, 48, 53, 56, 72, 89, 106, 150, 164, 233, 240, 249, 289, 298, 321, 361, 405, 423, 430, 462, 484]"
43,6,"[18, 27, 54, 64, 77, 136, 158, 184, 218, 220, 238, 299, 336, 447]"
19,2,"[36, 44, 58, 62, 81, 82, 116, 131, 178, 206, 209, 235, 251, 256, 260, 306, 313, 360, 392, 400]"
26,10,"[302, 316, 357]"
31,2,"[47, 71, 72, 93, 107, 117, 174, 187, 196, 221, 233, 240, 317, 430]"
25,2,"[12, 49, 120, 133, 166, 189, 217, 241, 254, 258, 269, 270, 287, 310, 343, 386, 407, 411, 416, 454, 480, 489, 491]"
31,3,"[37, 45, 55, 92, 118, 197, 201, 219, 255, 303, 366]"
47,2,"[12, 49, 120, 133, 166, 189, 217, 241, 254, 258, 269, 270, 287, 310, 343, 375, 386, 407, 410, 411, 416, 454, 478, 489, 491]"
30,4,"[3, 28, 105, 110, 139, 153, 165, 215, 230, 237, 253, 279, 280, 323, 328, 332, 334, 339, 403, 424, 440, 449, 458, 471, 472, 487]"
31,3,"[9, 422, 466]"
34,3,"[4, 17, 57, 94, 152, 170, 268, 387, 451]"
18,7,"[0, 47, 50, 51, 53, 56, 71, 72, 106, 130, 150, 164, 174, 221, 233, 275, 289, 415, 473]"
30,2,"[41, 82, 90, 91, 124, 172, 186, 202, 209, 232, 257, 267, 292, 293, 470]"
41,13,"[31, 43, 70, 113, 208, 355]"
51,4,"[3, 28, 105, 110, 139, 141, 153, 165, 210, 215, 228, 230, 236, 253, 280, 314, 323, 328, 332, 334, 339, 380, 403, 424, 440, 443, 449, 458, 471, 472, 481]"
23,2,"[331, 352, 353, 442]"
45,2,"[12, 49, 120, 133, 166, 189, 217, 241, 254, 269, 270, 287, 310, 343, 375, 386, 407, 410, 411, 416, 454, 478, 480, 491]"
96,4,[]
49,2,"[12, 49, 120, 133, 166, 189, 217, 241, 254, 258, 269, 270, 287, 310, 343, 386, 407, 411, 416, 454, 478, 480, 489]"
